pos	ref	alt	mutation	locus	disease
1555	A	G	m.1555A>G	MT-RNR1	Aminoglycoside-induced & non-syndromic sensorineural deafness
3243	A	G	m.3243A>G	MT-TL1	MELAS / maternally-inherited diabetes & deafness (MIDD)
3460	G	A	m.3460G>A	MT-ND1	Leber hereditary optic neuropathy (LHON)
8344	A	G	m.8344A>G	MT-TK	MERRF (myoclonic epilepsy with ragged-red fibres)
8993	T	G	m.8993T>G	MT-ATP6	NARP / maternally-inherited Leigh syndrome
8993	T	C	m.8993T>C	MT-ATP6	NARP / Leigh syndrome (milder allele)
11778	G	A	m.11778G>A	MT-ND4	Leber hereditary optic neuropathy (LHON, most common)
13513	G	A	m.13513G>A	MT-ND5	Leigh / MELAS overlap syndrome
14484	T	C	m.14484T>C	MT-ND6	Leber hereditary optic neuropathy (LHON)
14709	T	C	m.14709T>C	MT-TE	Maternally-inherited myopathy & diabetes
