gene	note
BRCA1	~55-72% lifetime breast, ~39-44% ovarian [family-ascertained] — elevated, not certain
BRCA2	~45-69% lifetime breast, ~11-17% ovarian [family-ascertained] — elevated, not certain
MLH1	Lynch syndrome: ~40-60% lifetime colorectal, varies by gene and sex [family-ascertained] — not certainty
MSH2	Lynch syndrome: ~40-60% lifetime colorectal, varies by gene and sex [family-ascertained] — not certainty
MSH6	Lynch syndrome: lower, later-onset colorectal risk than MLH1/MSH2 — incomplete penetrance
PMS2	Lynch syndrome: lowest-penetrance of the four mismatch-repair genes — many carriers unaffected
HFE	Hemochromatosis: incomplete penetrance in C282Y homozygotes — most never develop iron-overload disease
TTR	Hereditary transthyretin amyloidosis: age-dependent, variable penetrance — onset can be decades apart between carriers
LMNA	Dilated cardiomyopathy: variable expressivity — age of onset and severity differ widely between carriers
RYR1	Malignant hyperthermia susceptibility: penetrance is trigger-dependent — risk manifests only under specific anesthetic exposure
